<?xml version="1.0" encoding="UTF-8"?>
<!DOCTYPE mapper PUBLIC "-//mybatis.org//DTD Mapper 3.0//EN" "http://mybatis.org/dtd/mybatis-3-mapper.dtd">
<mapper namespace="com.lee.mapper.CateMapper">

    <!-- 通用查询映射结果 -->
    <resultMap id="BaseResultMap" type="com.lee.entity.Cate">
        <id column="id" property="id" />
        <result column="catename" property="catename" />
        <result column="sort" property="sort" />
        <result column="create_time" property="createTime" />
        <result column="update_time" property="updateTime" />
        <result column="delete_time" property="deleteTime" />
        <result column="isdel" property="isdel" />
    </resultMap>

</mapper>
