<?xml version="1.0" encoding="UTF-8"?>
<!DOCTYPE mapper PUBLIC "-//mybatis.org//DTD Mapper 3.0//EN" "http://mybatis.org/dtd/mybatis-3-mapper.dtd">
<mapper namespace="com.lee.mapper.MemberMapper">

    <!-- 通用查询映射结果 -->
    <resultMap id="BaseResultMap" type="com.lee.entity.Member">
        <id column="id" property="id" />
        <result column="username" property="username" />
        <result column="password" property="password" />
        <result column="nickname" property="nickname" />
        <result column="email" property="email" />
        <result column="create_time" property="createTime" />
        <result column="update_time" property="updateTime" />
        <result column="delete_time" property="deleteTime" />
        <result column="isdel" property="isdel" />
    </resultMap>

</mapper>
