<?xml version="1.0" encoding="UTF-8" ?>
<!DOCTYPE mapper
        PUBLIC "-//mybatis.org//DTD Mapper 3.0//EN"
        "http://mybatis.org/dtd/mybatis-3-mapper.dtd">
<mapper namespace="com.example.library.dao.BorrowDao">

    <insert id="insertByBorrow">
        insert into borrow(borrower,borrowtime,bookname,bid) values(#{borrower},#{borrowtime},#{bookname},#{bid})
    </insert>
    <select id="findAllMyBorrow" resultType="com.example.library.model.Borrow">
        select * from borrow where borrower=#{username}
    </select>
    <delete id="delMyBorrow">
        delete from borrow where bid=#{bid}
    </delete>
    <select id="findallBorrowbooks" resultType="com.example.library.model.Borrow">
        select * from borrow
    </select>
</mapper>