<?xml version="1.0" encoding="UTF-8"?>
<!DOCTYPE mapper PUBLIC "-//mybatis.org//DTD Mapper 3.0//EN" "http://mybatis.org/dtd/mybatis-3-mapper.dtd">
<mapper namespace="com.lee.mapper.ArticleMapper">

    <!-- 通用查询映射结果 -->
    <resultMap id="BaseResultMap" type="com.lee.entity.Article">
        <id column="id" property="id" />
        <result column="title" property="title" />
        <result column="desc" property="desc" />
        <result column="tags" property="tags" />
        <result column="content" property="content" />
        <result column="is_top" property="isTop" />
        <result column="cate_id" property="cateId" />
        <result column="create_time" property="createTime" />
        <result column="update_time" property="updateTime" />
        <result column="delete_time" property="deleteTime" />
        <result column="isdel" property="isdel" />
        <result column="member_id" property="memberId" />
        <result column="viewnum" property="viewnum" />
        <result column="commentnum" property="commentnum" />
    </resultMap>
    <!--逻辑删除操作-->
    <update id="deleteByCateId" parameterType="java.lang.Integer">
        update article set isdel = 1 where cate_id=#{cateid}
    </update>
    <select id="getNextInfo" resultMap="BaseResultMap" parameterType="java.util.Map">
        SELECT * FROM
        article
        WHERE
        create_time &lt; #{create_time}
        and id &lt;&gt; #{id}
        ORDER BY create_time  DESC  LIMIT 0,1;
    </select>
    <select id="getPreInfo" resultMap="BaseResultMap" parameterType="java.util.Map">
        SELECT * FROM
        article
        WHERE
        create_time &gt; #{create_time}
        and id &lt;&gt; #{id}
        ORDER BY create_time  asc  LIMIT 0,1;
    </select>

</mapper>
