<?xml version="1.0" encoding="UTF-8"?>
<!DOCTYPE mapper PUBLIC "-//mybatis.org//DTD Mapper 3.0//EN" "http://mybatis.org/dtd/mybatis-3-mapper.dtd">
<mapper namespace="com.lee.mapper.SyssettingMapper">

    <!-- 通用查询映射结果 -->
    <resultMap id="BaseResultMap" type="com.lee.entity.Syssetting">
        <id column="id" property="id" />
        <result column="webname" property="webname" />
        <result column="copyright" property="copyright" />
        <result column="create_time" property="createTime" />
        <result column="update_time" property="updateTime" />
        <result column="delete_time" property="deleteTime" />
        <result column="sign" property="sign" />
    </resultMap>

</mapper>
