<?xml version="1.0" encoding="UTF-8"?>
<!DOCTYPE mapper PUBLIC "-//mybatis.org//DTD Mapper 3.0//EN" "http://mybatis.org/dtd/mybatis-3-mapper.dtd">
<mapper namespace="com.alfred.bus.mapper.CarMapper">
  <resultMap id="BaseResultMap" type="com.alfred.bus.domain.Car">
    <id column="carnumber" jdbcType="VARCHAR" property="carnumber" />
    <result column="cartype" jdbcType="VARCHAR" property="cartype" />
    <result column="color" jdbcType="VARCHAR" property="color" />
    <result column="price" jdbcType="DOUBLE" property="price" />
    <result column="rentprice" jdbcType="DOUBLE"
            property="rentprice" />
    <result column="deposit" jdbcType="DOUBLE" property="deposit" />
    <result column="isrenting" jdbcType="INTEGER"
            property="isrenting" />
    <result column="description" jdbcType="VARCHAR"
            property="description" />
    <result column="carimg" jdbcType="VARCHAR" property="carimg" />
    <result column="createtime" jdbcType="TIMESTAMP"
            property="createtime" />
  </resultMap>
  <sql id="Base_Column_List">
    carnumber, cartype, color, price, rentprice, deposit, isrenting, description,
    carimg,
    createtime
  </sql>
  <select id="selectByPrimaryKey" parameterType="java.lang.String"
          resultMap="BaseResultMap">
    select
    <include refid="Base_Column_List" />
    from bus_car
    where carnumber = #{carnumber,jdbcType=VARCHAR}
  </select>
  <delete id="deleteByPrimaryKey" parameterType="java.lang.String">
    delete from bus_car
    where carnumber = #{carnumber,jdbcType=VARCHAR}
  </delete>
  <insert id="insert" parameterType="com.alfred.bus.domain.Car">
    insert into bus_car (carnumber, cartype, color,
    price, rentprice, deposit,
    isrenting, description, carimg,
    createtime)
    values (#{carnumber,jdbcType=VARCHAR}, #{cartype,jdbcType=VARCHAR},
    #{color,jdbcType=VARCHAR},
    #{price,jdbcType=DOUBLE}, #{rentprice,jdbcType=DOUBLE}, #{deposit,jdbcType=DOUBLE},
    #{isrenting,jdbcType=INTEGER}, #{description,jdbcType=VARCHAR},
    #{carimg,jdbcType=VARCHAR},
    #{createtime,jdbcType=TIMESTAMP})
  </insert>
  <insert id="insertSelective"
          parameterType="com.alfred.bus.domain.Car">
    insert into bus_car
    <trim prefix="(" suffix=")" suffixOverrides=",">
      <if test="carnumber != null">
        carnumber,
      </if>
      <if test="cartype != null">
        cartype,
      </if>
      <if test="color != null">
        color,
      </if>
      <if test="price != null">
        price,
      </if>
      <if test="rentprice != null">
        rentprice,
      </if>
      <if test="deposit != null">
        deposit,
      </if>
      <if test="isrenting != null">
        isrenting,
      </if>
      <if test="description != null">
        description,
      </if>
      <if test="carimg != null">
        carimg,
      </if>
      <if test="createtime != null">
        createtime,
      </if>
    </trim>
    <trim prefix="values (" suffix=")" suffixOverrides=",">
      <if test="carnumber != null">
        #{carnumber,jdbcType=VARCHAR},
      </if>
      <if test="cartype != null">
        #{cartype,jdbcType=VARCHAR},
      </if>
      <if test="color != null">
        #{color,jdbcType=VARCHAR},
      </if>
      <if test="price != null">
        #{price,jdbcType=DOUBLE},
      </if>
      <if test="rentprice != null">
        #{rentprice,jdbcType=DOUBLE},
      </if>
      <if test="deposit != null">
        #{deposit,jdbcType=DOUBLE},
      </if>
      <if test="isrenting != null">
        #{isrenting,jdbcType=INTEGER},
      </if>
      <if test="description != null">
        #{description,jdbcType=VARCHAR},
      </if>
      <if test="carimg != null">
        #{carimg,jdbcType=VARCHAR},
      </if>
      <if test="createtime != null">
        #{createtime,jdbcType=TIMESTAMP},
      </if>
    </trim>
  </insert>
  <update id="updateByPrimaryKeySelective"
          parameterType="com.alfred.bus.domain.Car">
    update bus_car
    <set>
      <if test="cartype != null">
        cartype = #{cartype,jdbcType=VARCHAR},
      </if>
      <if test="color != null">
        color = #{color,jdbcType=VARCHAR},
      </if>
      <if test="price != null">
        price = #{price,jdbcType=DOUBLE},
      </if>
      <if test="rentprice != null">
        rentprice = #{rentprice,jdbcType=DOUBLE},
      </if>
      <if test="deposit != null">
        deposit = #{deposit,jdbcType=DOUBLE},
      </if>
      <if test="isrenting != null">
        isrenting = #{isrenting,jdbcType=INTEGER},
      </if>
      <if test="description != null">
        description = #{description,jdbcType=VARCHAR},
      </if>
      <if test="carimg != null">
        carimg = #{carimg,jdbcType=VARCHAR},
      </if>
      <if test="createtime != null">
        createtime = #{createtime,jdbcType=TIMESTAMP},
      </if>
    </set>
    where carnumber = #{carnumber,jdbcType=VARCHAR}
  </update>
  <update id="updateByPrimaryKey"
          parameterType="com.alfred.bus.domain.Car">
    update bus_car
    set cartype = #{cartype,jdbcType=VARCHAR},
    color = #{color,jdbcType=VARCHAR},
    price = #{price,jdbcType=DOUBLE},
    rentprice = #{rentprice,jdbcType=DOUBLE},
    deposit = #{deposit,jdbcType=DOUBLE},
    isrenting = #{isrenting,jdbcType=INTEGER},
    description = #{description,jdbcType=VARCHAR},
    carimg = #{carimg,jdbcType=VARCHAR},
    createtime = #{createtime,jdbcType=TIMESTAMP}
    where carnumber = #{carnumber,jdbcType=VARCHAR}
  </update>

  <!-- 查询 -->
  <select id="queryAllCar" resultMap="BaseResultMap">
    select
    <include refid="Base_Column_List" />
    from bus_car
    <where>
      <if test="carnumber!=null and carnumber!=''">
        and carnumber like concat("%",#{carnumber},"%")
      </if>
      <if test="cartype!=null and cartype!=''">
        and cartype like concat("%",#{cartype},"%")
      </if>
      <if test="color!=null and color!=''">
        and color like concat("%",#{color},"%")
      </if>
      <if test="description!=null and description!=''">
        and description like concat("%",#{description},"%")
      </if>
      <if test="isrenting!=null">
        and isrenting=#{isrenting}
      </if>
    </where>
  </select>
</mapper>