<?xml version="1.0" encoding="UTF-8"?>
<!DOCTYPE mapper PUBLIC "-//ibatis.apache.org//DTD Mapper 3.0//EN"      
 "http://ibatis.apache.org/dtd/ibatis-3-mapper.dtd">
 <mapper namespace="com.dao.OrderInfoDao">	
 	<insert id="addOrderInfo" parameterType="com.entity.OrderInfo">
 		insert into order_info 
 		(id,user_id,user_name,plate,trouble_code,trouble_name,contact,contact_way,creart_time,long_time,status,remark)
 		values
 		(#{id},#{user_id},#{user_name},#{plate},#{trouble_code},#{trouble_name},#{contact},#{contact_way},#{creart_time},#{long_time},#{status},#{remark})
 	</insert>
 	
 	<select id="findAllOrder" parameterType="string" resultType="com.entity.OrderInfo">
 		select * from order_info
 	</select>	
 	<select id="findBySort" parameterType="string" resultType="com.entity.OrderInfo">
 		select * from order_info ORDER BY long_time DESC
 	</select>
 	 <select id="findOrder" parameterType="string" resultType="com.entity.OrderInfo">
 		select * from order_info where user_id=#{user_id}
 	</select>
 	
 	<select id="findByStatus" parameterType="Integer" resultType="com.entity.OrderInfo">
 		select * from order_info where status=#{status}
 	</select>
 	 	
 	<delete id="delOrderInfo" parameterType="string">
 		delete from order_info where id=#{id}
 	</delete>
 	
 	<update id="changStatus" parameterType="com.entity.OrderInfo">
 		update order_info set status=#{status}
 		where id=#{id}
 	</update>
 	
 	<select id="searchOrderInfo"  parameterType="map" resultType="com.entity.OrderInfo">
 		select * from order_info
 		<where>
			<if test="plate!=null ">
				plate like #{plate}
			</if>
			<if test="trouble_name!=null ">
				trouble_name like #{trouble_name}
			</if>
			<if test="contact!=null ">
				contact like #{contact}
			</if>
			<if test="user_name!=null ">
				user_name like #{user_name}
			</if>
		</where>
 	</select>

 	
 </mapper>