<?xml version="1.0" encoding="UTF-8"?>
<!DOCTYPE mapper PUBLIC "-//ibatis.apache.org//DTD Mapper 3.0//EN"      
 "http://ibatis.apache.org/dtd/ibatis-3-mapper.dtd">
 <mapper namespace="com.dao.UserDao">
 	<select id="userLogin" parameterType="string" resultType="com.entity.User">
 		select * from user where name=#{name}
 	</select>
 	
 	<select id="userList" parameterType="string" resultType="com.entity.User">
 		select * from user
 	</select>
 	
 	<select id="findUser" parameterType="string" resultType="com.entity.User">
 		select * from user where id=#{id}
 	</select>
 	
 	<update id="changPwd" parameterType="com.entity.User">
 		update user set password=#{password}
 		where id=#{id}
 	</update>
 	
 	<update id="changStatus" parameterType="com.entity.User">
 		update user set status=#{status}
 		where id=#{id}
 	</update>
 	
 	<insert id="addUser" parameterType="com.entity.User">
 		insert into user 
 		(id,name,password,type,status)
 		values
 		(#{id},#{name},#{password},#{type},#{status})
 	</insert>
 </mapper>