<?xml version="1.0" encoding="UTF-8"?>
<beans xmlns="http://www.springframework.org/schema/beans"
       xmlns:xsi="http://www.w3.org/2001/XMLSchema-instance"
       xmlns:context="http://www.springframework.org/schema/context"
       xmlns:aop="http://www.springframework.org/schema/aop"
       xsi:schemaLocation="http://www.springframework.org/schema/beans http://www.springframework.org/schema/beans/spring-beans.xsd
		http://www.springframework.org/schema/context http://www.springframework.org/schema/context/spring-context.xsd
		http://www.springframework.org/schema/aop http://www.springframework.org/schema/aop/spring-aop.xsd">
    <!--引入db.properties-->
    <bean id="placeholderConfigurer" class="org.springframework.context.support.PropertySourcesPlaceholderConfigurer">
        <property name="locations" value="classpath:jdbc.properties"/>
    </bean>

    <!--声明dataSource 使用c3p0数据源-->
    <bean id="dataSource1" class="com.mchange.v2.c3p0.ComboPooledDataSource">
        <!--注入连接属性-->
        <property name="driverClass" value="${jdbc.driverClass}"/>
        <property name="jdbcUrl" value="${jdbc.jdbcUrl}"/>
        <property name="user" value="${jdbc.user}"/>
        <property name="password" value="${jdbc.password}"/>
        <!--初始化连接池大小-->
        <property name="initialPoolSize" value="5"/>
        <!--设置最大连接数-->
        <property name="maxPoolSize" value="50"/>
        <!--设置最小的连接数-->
        <property name="minPoolSize" value="10"/>
    </bean>

    <!--使用druid数据源-->
    <bean id="dataSource" class="com.alibaba.druid.pool.DruidDataSource" init-method="init">
        <!--注入连接属性-->
        <property name="driverClassName" value="${jdbc.driverClass}"/>
        <property name="url" value="${jdbc.jdbcUrl}"/>
        <property name="username" value="${jdbc.user}"/>
        <property name="password" value="${jdbc.password}"/>
        <!--初始化连接池大小-->
        <property name="initialSize" value="5"></property>
        <!--设置最大连接数-->
        <property name="maxActive" value="10"></property>
        <!--设置等待时间-->
        <property name="maxWait" value="5000"></property>

        <property name="filters" value="stat"></property>
    </bean>

    <!--声明sessionFactory 并注入mybatis.cfg.xml-->
    <bean id="sqlSessionFactory" class="org.mybatis.spring.SqlSessionFactoryBean">
        <!--注入数据源-->
        <property name="dataSource" ref="dataSource"></property>
        <property name="configLocation" value="classpath:mybatis-config.xml"/>
        <!--注入mapper.xml-->
        <property name="mapperLocations">
            <array>
                <value>classpath:mapper/*/*Mapper.xml</value>
            </array>
        </property>
        <!--&lt;!&ndash;注入分页插件&ndash;&gt;-->
        <!--<property name="plugins">-->
            <!--<array>-->
                <!--<bean class="com.github.pagehelper.PageInterceptor"></bean>-->
            <!--</array>-->
        <!--</property>-->
    </bean>

    <!--扫描mapper接口-->
    <bean class="org.mybatis.spring.mapper.MapperScannerConfigurer">
        <!--注入mapper接口所在的包-->
        <property name="basePackage" value="com.alfred.bus.mapper,com.alfred.sys.mapper,com.alfred.stat.mapper">
        </property>
        <!--注入sqlSessionFactory-->
        <property name="sqlSessionFactoryBeanName" value="sqlSessionFactory"/>
    </bean>

</beans>